free,1283
1,1104
off,807
-,601
of,392
with,336
for,310
voucher,306
get,306
purchase,260
any,237
a,229
next,215
spend,214
or,193
$10,160
your,154
coffee,148
at,139
to,136
drink,127
and,126
10%,125
$5,117
up,115
on,113
worth,110
visit,102
$20,100
2,98
+,93
the,92
buy,87
set,83
ice,81
tea,78
$1,77
cream,74
meal,68
20%,67
15%,67
u.p.,64
$2,63
one,62
50%,61
chicken,61
$50,60
treatment,58
$15,57
$3,57
chop,56
minimum,54
,52
$30,51
complimentary,51
scoop,51
dessert,50
bill,49
salad,49
sasa,49
choice,48
&,48
sandwich,48
topping,47
min,46
1-for-1,45
main,44
3,44
sub,44
pizza,43
item,43
cake,43
min.,42
regular,42
u.p,41
$25,40
$100,39
signature,38
classic,37
spent,37
facial,37
bonus,36
hair,36
gift,35
6-inch,35
bottle,35
reward,35
day,35
single,35
waffle,34
/,34
medium,34
total,33
small,33
no,32
chocolate,32
grand,32
lazada,32
massage,31
juice,31
sorry,30
lunch,30
body,30
you,29
win,29
additional,29
manicure,28
drinks,28
test,28
burger,28
tier,28
every,27
discount,27
try,27
@,26
in,26
fries,26
6,26
purchased,26
$8,26
movie,26
cup,26
wine,25
course,25
house,25
prize:,25
class,25
wrap,24
subway,24
card,24
only,24
side,24
all,24
hot,23
yogurt,23
upsize,23
platter,23
large,23
spa,23
tickets,22
2nd,22
beer,22
ramen,22
store,22
session,22
please,22
service,21
menu,21
box,21
care,21
breakfast,21
upgrade,21
4,21
$40,20
new,20
size,20
iced,20
village,20
wings,20
gelato,20
product,19
again,19
milk,19
eye,19
pasta,19
enjoy,18
ticket@golden,18
week!,18
bag,18
glass,18
dish,18
premium,18
p300,18
original,18
travel,17
beauty,17
dinner,17
soup,17
slice,17
more,17
cookie,17
express,17
cakes,17
reward!,16
5%,16
soon!,16
$12,16
online,16
package,16
coming,16
by,16
from,16
beef,15
$300,15
storewide,15
30%,15
pint,15
shopback,15
price,15
5,15
rice,14
bar,14
black,14
carte,14
cash,14
hour,14
fish,14
evoucher,14
redeem,14
bill!,14
thank,14
p500,14
month,13
prize,13
honey,13
pork,13
rocher,13
cheese,13
pass,13
$4,13
gym,13
cashback,13
sentosa,13
30,13
combo,13
top,12
steak,12
flatbread,12
water,12
snack,12
latte,12
smoothie,12
an,12
$6,12
whole,12
products,12
spending,12
beverage,12
special,12
reg,12
delivery,12
first,11
salon,11
roast,11
rs,11
sushi,11
mask,11
skin,11
extra,11
p100,11
half,11
$18,11
you!,11
entry,11
world,11
$80,11
yves,11
bring,11
soft,11
$150,11
items,10
vouchers,10
therapy,10
mins,10
pineapple,10
$120,10
face,10
roll,10
detox,10
katsu,10
pair,10
outlet,10
10,10
includes,10
resorts,10
x,10
see,10
sephora,10
valet,10
red,10
organic,10
exclusive,10
25%,10
p250,9
mini,9
dr.,9
make,9
curry,9
blast,9
white,9
friend,9
pot,9
$28,9
p800,9
12-inch,9
chops,9
treatments,9
pcs,9
p30,9
coffee/tea,9
"p500,",9
ipl,9
gogovan,9
cupcakes,9
out,9
membership,9
$1.50,9
$500,9
$68,9
ucc,9
–,9
campaign,8
kit,8
days,8
plate,8
grilled,8
pedicure,8
wafuken,8
"club,",8
flavour,8
p200,8
when,8
fb,8
piccolo,8
buffet,8
gel,8
week,8
each,8
free!,8
valid,8
ticket,8
full,8
"cheese,",8
two,8
food,8
cupcake,8
park,8
8,8
banner,8
cut,8
google,8
$2.50,8
newsletter,8
cafe,8
"melt,",8
us!,8
bowl,8
ice-cream,8
waffles,8
chips,8
email,8
marco,8
details,8
klook,8
limited,7
credit,7
p45,7
mint,7
cappuccino,7
appetizer,7
w/,7
$60,7
terms,7
wu,7
pastry,7
hand,7
subs,7
float,7
$200,7
slimming,7
delete,7
football,7
brownie,7
$12.90,7
flavors,7
perx,7
club,7
haircut,7
shake,7
salad/,7
happy,7
coconut,7
san,7
icon,7
link,7
vaniday,7
herbal,7
tub,7
singapore,7
potato,7
zalora,7
ala,7
matsuo,7
via,7
add-on,7
donuts,7
hotel,7
services,7
shopee,7
pack,7
admission,7
big,7
lesson,7
fried,7
fresh,7
nida,7
crab,7
hangar,7
la,7
nomama,7
shunji,7
edition,7
joe,7
not,7
rooms,7
again!,7
sunnyhills,7
$48,6
yun,6
order,6
collagen,6
hashbrown,6
raffles,6
standard,6
p50,6
nachos,6
don,6
pita,6
month!,6
wax,6
marinara,6
brown,6
french,6
trial,6
love,6
customised,6
sessions,6
melona,6
meatball,6
watsons,6
sundae,6
cocktail,6
3rd,6
marina,6
origin,6
baja,6
16,6
locations,6
mains,6
dough,6
60,6
credits,6
time,6
purchases,6
yolé,6
pax,6
chop!,6
style,6
scoops,6
tiramisu,6
base,6
$250,6
double,6
"p5,000",6
*see,6
creme,6
mega,6
300,6
renewal,6
lemon,6
200g,6
nam,6
baron,6
p10,6
york,6
4000,6
eyebrow,6
ball,6
onion,6
cocoa,6
museum,6
samsung,6
therapeutics,5
gemmills,5
up:,5
over,5
braised,5
bread,5
meat,5
series,5
nail,5
classes,5
circles.life,5
amazon,5
bay,5
underarm,5
we,5
"slices,",5
skinperfect,5
mix®,5
vdl,5
$75,5
plus,5
capped,5
trip,5
team,5
international,5
kebab,5
$70,5
valued,5
spinelli,5
london,5
pure,5
cold,5
artisan,5
shoppers,5
$14,5
$16,5
pain,5
belif,5
burrito,5
customized,5
relief,5
iuiga,5
bucket,5
$35,5
lifespa,5
miniature,5
mall,5
cleansing,5
lava,5
inch,5
foot,5
18%,5
$9,5
bodyperfect,5
insurance,5
sweet,5
bejeweled,5
flight,5
frozen,5
saladstop!,5
customers,5
unlimited,5
#perxinthehood,5
per,5
angry,5
long,5
bienen,5
m,5
tart,5
12.12,5
chicago,5
popcorn,5
apply,5
starter,5
3pcs,5
churros,5
our,5
tonkotsu,5
bbq,5
laser,5
hoagie,5
ez-link,5
stenders,5
point,5
sized,5
garrett,5
wifi,5
chance,5
baked,5
$45,4
second,4
leaves,4
golden,4
slices,4
off*,4
laneway,4
japan,4
p400,4
delipresso,4
good,4
soda,4
$130,4
$135,4
"p300,",4
contact,4
season,4
treats,4
tequila,4
blissfulthots,4
mileslife,4
active,4
brewed,4
cone,4
if,4
butter,4
$88,4
cooler,4
fairprice,4
participation,4
peel,4
true,4
daily,4
impression,4
resonance,4
market,4
s8,4
sample,4
mango,4
so,4
sm,4
$6.90,4
birds,4
ifoods,4
30mins,4
kkk,4
tandc,4
quarter,4
100g,4
tempura,4
thai,4
12,4
premier,4
spent!,4
take,4
stand,4
cocktails,4
2!,4
litozin's,4
case,4
coco,4
popbar,4
non-alcoholic),4
director,4
without,4
taxi,4
dark,4
mob,4
miracle,4
thailand,4
honestbee,4
weight,4
brazilian,4
spicy,4
cookies,4
hamper,4
p150,4
milkshake,4
family,4
shack,4
fragrance,4
diamond,4
company,4
llaollao,4
icing,4
orchard,4
egg,4
essence,4
shops®,4
return,4
möller's,4
rws,4
regular-size,4
soya,4
heavy,4
infinity,4
health,4
7,4
chococro,4
p700,4
blossom,4
$15.90,4
florist,4
banana,4
$7,4
75,4
trees,4
$1.00,4
homeaway,4
fitness,4
p600,4
assorted,4
lower,4
jerry's,4
mirror,4
sgd,4
scalp,4
consolation,4
skinsaver,4
gelato!,4
elements,4
hairgro,4
"p450,",4
kkday,4
buffalo,4
hello,4
scratch,4
this,4
car,4
toast,4
receive,4
app,4
gateway,4
use,4
theme,4
ride,4
$600,4
coupon,4
2017,4
scenic,4
flushing,4
retail,4
ben,4
2015,4
gcs!,4
have,4
korean,4
soap,4
sg,4
$180,4
lucky,4
shaping,4
$4.90,4
beverages,4
zoukout,4
brunch,4
general,4
chalk,4
savings,4
properties,4
+​,4
smith,4
toppings,4
piece,4
relaxing,4
stay,4
deluxe,4
factory,3
under,3
baking,3
bacon,3
chef,3
n,3
monster,3
$7.90,3
$7.95,3
paraffin,3
100,3
froyo,3
sliced,3
$4.50,3
award,3
room,3
radiance,3
pints,3
dunkin,3
"mat""",3
lipoled,3
win!,3
fever,3
popsicle,3
nett,3
before,3
better,3
wellness,3
sumiyaki,3
luck,3
p1500,3
"p150,",3
$220,3
rewards,3
raw,3
person,3
"60min,",3
maki-san,3
p1200,3
time!,3
colors,3
solutions,3
lessons,3
$17,3
$13,3
shots,3
steam,3
rings,3
360,3
jelly,3
hummus,3
lenses,3
250,3
kenko,3
basic,3
p250!,3
is,3
hong,3
maki,3
belly,3
wheel,3
delight,3
$8.80,3
burgers,3
hydration,3
kpop,3
citycab,3
night,3
saladstop,3
deal,3
toys,3
christmas,3
baht,3
shogun,3
pearl,3
certificates!,3
pasarbella,3
tonkatsu,3
mr,3
plum,3
$7.50,3
pasta/pizza,3
may,3
neck,3
$16.90,3
reflexology,3
basket,3
cute,3
in-store,3
salads,3
assurance,3
california,3
rebel,3
chocolatier,3
draft,3
than,3
green,3
200,3
seafood,3
shoe,3
jazz,3
experience,3
edamame,3
label,3
between,3
mani,3
all-day,3
trio,3
ordered,3
300g,3
facebistro,3
protein,3
shoppers:,3
$22,3
billabong,3
costa,3
steamed,3
flavor,3
dipper,3
bento,3
"p900,",3
jug,3
al,3
$32,3
sashimi,3
leong,3
gf,3
applicable,3
hours,3
p1000,3
action,3
minor,3
stick,3
60-min,3
tea/coffee,3
toasties,3
comfort,3
american,3
​bejeweled,3
purchase.,3
ala-carte,3
20,3
21,3
cool,3
sauce,3
karaage,3
wash,3
sundays,3
courses,3
400ml,3
giveaway,3
major,3
"""",3
pork/chicken,3
mega-san,3
pedi,3
lip,3
salmon,3
golf,3
blended,3
bookings,3
complementary,3
pcs.,3
ferrero,3
"size""",3
upgrade*,3
priced,3
$288,3
mellower,3
cleaning,3
4-pc,3
back,3
elixir,3
2/2,3
rolls,3
i,3
homemade,3
t-shirt,3
junior,3
yoghurt,3
jumbo,3
uber,3
draw,3
scrub,3
gv,3
desserts,3
garden,3
免費手工純釀烏梅汁乙杯,3
contactlens,3
oz.,3
jump,3
grande),3
leg,3
vinegar,3
hk$100,3
$3.20,3
popeyes,3
apple,3
italian,3
belgian,3
1/2,3
halloween,3
do,3
serum,3
bakery,3
$198,3
ntuc,3
$5.50,3
night's,3
$9.90,3
ipod,3
g,3
festival,3
system,3
ganache,3
flavours,3
brew,3
jar,3
salad/wrap,3
$9.80,3
amex,3
spayuri,3
invites,3
away,3
gelish,3
value,3
frappe,3
party,3
set:,3
balm,3
1-1,3
colour,3
pacifica,3
fuji,3
$15),3
500cc,3
artistry's,3
cleanse,3
rinsing,3
funnel,3
pie,3
star,3
"""the",3
magnetic,2
"inch""",2
$49,2
jack,2
3d2n,2
bilo,2
caramelo,2
nigi,2
u.p.$15),2
machines,2
selected,2
net,2
charsiu,2
pressed,2
studio,2
mex,2
tigerair,2
max.$10),2
frosty,2
keith,2
gloss,2
symphony,2
katapult,2
sticker,2
off!,2
pouch,2
off.,2
tnb,2
55%,2
anti-wrinkle,2
fudge,2
25ml),2
lab,2
granitas,2
beaute,2
margaritas,2
amazin',2
ultimate,2
voucher.,2
dapper,2
40%,2
winners!,2
harmony,2
affogato,2
prawn,2
shinkansen,2
$225,2
rakuten,2
tarts/cakes/muffins),2
ez,2
rapellez,2
toy,2
maccha,2
tom,2
serve,2
skiddoo,2
galbi,2
:​,2
nouba,2
mashed,2
yang,2
bomb,2
7.5,2
lense,2
pocket,2
botanical,2
14,2
"$1,148",2
4/4,2
$65,2
vitamin,2
packages,2
kitchen,2
country,2
ayam,2
smoodee,2
spotreduction,2
$140,2
gyoza,2
mushroom,2
$128,2
spin,2
air,2
dashboard,2
aid,2
tissue,2
burger!,2
點購「滿漢三寶牛肉麵+手工斤餅」享9折優惠,2
soak,2
therapeutic,2
swissotel,2
save,2
vanity,2
comfortdelgro,2
acai,2
specialities,2
hot/cold,2
dunkin',2
bottom,2
truffle,2
$348,2
creative,2
t16,2
k,2
post,2
super,2
shawarma,2
oreo,2
ribs,2
espresso,2
chrysler,2
puzzle,2
loin,2
creamery,2
taimei,2
head,2
vitality,2
berg,2
trim,2
rotisserie,2
falafel,2
muffins,2
b&o,2
$688,2
"p1,500,",2
tin,2
tie,2
$55,2
rolling,2
cnp,2
$4.80,2
adult,2
shop,2
lymphatic,2
"p400,",2
dance,2
burritos,2
cny,2
swensen’s,2
special',2
jurong,2
sing,2
vegan,2
sachet,2
servicing,2
margarita,2
specials,2
pore,2
cyber,2
sign,2
drink/,2
guardian,2
drink!,2
along,2
tickets!,2
boy,2
chef's,2
healthy,2
$10.90,2
montifs,2
peri,2
anti-ache,2
creamy,2
goods,2
beers,2
heineken,2
can,2
chip,2
chic,2
swedish,2
botanicals,2
jen,2
t-shirts,2
$290)!,2
$102,2
satay!,2
natural,2
tapas,2
nolita,2
creations,2
30min),2
rock,2
square,2
receipt,2
petita,2
smoogee,2
friday,2
"small,",2
15%*,2
activities,2
koolook,2
"""petite",2
linguine,2
salad*,2
gulaman,2
ministry,2
250g),2
yum,2
invitation,2
o.z.,2
welcome,2
city,2
little,2
$27,2
stuffed,2
bottled/crafted,2
lumpiang,2
qoo10,2
$2.80,2
taster,2
$32.80),2
slab,2
note,2
dining,2
cheesecake,2
petitllao,2
sale,2
u.p.$8),2
s$30,2
shot,2
show,2
saturday,2
japadog,2
49%,2
yogart,2
hungarian,2
celebrate,2
leather,2
segway,2
calendar,2
across,2
therapies,2
cuccio,2
unli,2
order!,2
s,2
color,2
colony,2
3000,2
polo,2
sticks,2
workshop,2
reflex,2
shopping,2
sourcelab,2
10%*,2
milenia,2
programme,2
tsukemen,2
brow,2
pastas,2
medio,2
$21,2
$26,2
one-for-one,2
oil,2
foam,2
each)/4,2
persons,2
fruit,2
4pcs.,2
floor,2
kerastase,2
weekly,2
except,2
sampler,2
rules,2
deliveroo,2
3-pc,2
"sorry,",2
samasthah,2
sensational,2
drainage,2
cleanser,2
business,2
booking,2
ladies,2
oktoberfest!,2
weekend,2
valley,2
kipling,2
strawberry,2
deep,2
intro,2
yoga,2
hubad,2
pappa,2
spend.,2
peat,2
podium,2
stackers,2
$38,2
$39,2
hydrating,2
don/curry,2
nori,2
pizza/pasta,2
1pc,2
cable,2
tee,2
facial​,2
nana,2
sun,2
decoction,2
public,2
smØr,2
loose,2
care-,2
cookie+,2
ultra,2
$388,2
options,2
cuppa,2
$10++,2
flat,2
flan,2
$9.50,2
marble,2
deep-fried,2
quesadilla,2
purchase!,2
soulscape,2
grande,2
24,2
pen!,2
mums,2
lipassion,2
petzl,2
event,2
candour,2
oppa,2
done,2
miss,2
station,2
beaterio,2
b,2
vial,2
1/day),2
utopia,2
polishing,2
caesar,2
sandwiches,2
play,2
charm,2
perming,2
500g,2
clear,2
10am,2
beancurd,2
manuka,2
stones,2
gold,2
melt,2
hokkaido,2
richmond,2
wraps,2
keychain,2
zumba,2
perxmas,2
3/3,2
3/4,2
ampoule,2
laaf,2
sweet's,2
latin,2
punch,2
bar),2
both,2
restaurant,2
gogreen,2
patty,2
merlion,2
simply,2
crispy,2
make-up,2
po,2
soba,2
pudding,2
fun,2
cents,2
cathay,2
ready,2
$52/day,2
torte,2
regular-priced,2
parfait,2
canned,2
$50​,2
analysis,2
hotdog,2
treat:,2
alignment,2
chaat,2
location,2
$95,2
shabu,2
essential,2
pals,2
creation,2
sundaes,2
amarin,2
zilingo,2
porridge,2
$13.90,2
feb,2
2/4,2
qing,2
plaza,2
beer/glass,2
"p200,",2
nido,2
tofu,2
u.p.$118),2
anatomical,2
arcade,2
custom,2
1.56,2
appletiser/grapetiser,2
biggie,2
upsized,2
meal*,2
wrap.,2
prive,2
visit!,2
income,2
manhattan,2
ramyeon,2
4-for-3,2
existing,2
compact,2
peanut,2
intensive,2
kitty,2
spaghetti,2
arabica,2
sausage,2
power,2
$1000,2
bird,2
3d,2
briyani,2
healing,2
pancake,2
climb,2
espresso-based,2
add-ons,2
"p600,",2
private,2
otak-otak/,2
standing,2
usa,2
luxola.com,2
1/4,2
1/3,2
liga/,2
pour,2
donut,2
pappardelle,2
speciality,2
pieces,2
carrot,2
yogurt!,2
fare,2
spend!,2
farm,2
taco,2
$162.50,2
all-day-breakfast,2
takeaway,2
agoda,2
$178,2
galaxy,2
2016,2
2013,2
python,2
practice,2
zeiss,2
8%,2
programmes,2
$10),2
chill.,2
airbnb,2
time.,2
beer/wine,2
graze,2
chosungah22,2
"60-min,",2
double-up,2
bouquet,2
hombre,2
ying,2
sitewide,2
management,2
$3.50,2
piccolo-size,2
trampoline,2
mocktail,2
chong,2
smiteen,2
$215,2
contactlens.sg,2
makeover,2
mix,2
babes,2
centre,2
sauté,2
$25.60,2
macaron,2
nutella,2
based,2
team:,2
jan,2
hailo,2
cube,2
capsules,2
sago't,2
bean,2
$160,2
crabs,2
mug!,2
view,2
official,2
cajun,2
footlong,2
meatballs,2
"scratchers,",2
bought,2
facetherapy,2
mooncake,2
instant,2
congrats.,2
aqua,2
swarovski,2
puff,2
hipvan,2
kfit,2
co,2
table,2
helpling,2
treat,2
90min,2
choice!,2
balinese,2
"cleanse,",2
plain,2
vanilla,2
aesthetics,2
redmart,2
set.,2
$2.00,2
/w,2
dasani,2
sunnyhill,2
35%,2
transaction,2
center,2
house-made,2
therepeutics,2
redeemable,2
inc.,2
oak,2
rebate,2
fevo,2
jars,2
ticm,2
candling,2
classical,2
home,2
keratin,2
topping!,2
kiddy,2
pepper,2
lunch/dinner,2
3500,2
chops!,2
receipt.,2
now!,2
matcha,2
bazaar,2
inactive),2
drumstick,2
i.e.1,2
ear,2
below,2
friend!,2
small),2
beats,2
carpark,2
crystals,2
'today's,2
50cl,2
coffee-based,2
variety,2
45,2
percent,2
e-voucher,2
solo/partner,2
$28),2
draught,2
$3.90,2
friends,2
—,2
"coffee,",2
bakes,2
$1.90,1
pocco,1
sichuan,1
$10.50,1
up.,1
perm/treatment,1
swag,1
aug,1
"p1900,",1
stationery,1
dela,1
affair,1
deli,1
anti-stress,1
women's,1
häagen-dazs,1
today.,1
vinegar*,1
croissant,1
solution,1
purchased*,1
$2/-,1
force,1
$6.50,1
japanese,1
"salad,",1
singha,1
alphaland,1
hp,1
fingers,1
asia,1
kurobuta/salmon,1
20-inch,1
$360,1
$19.90,1
$368,1
spec.,1
courses.,1
men,1
jasmine,1
katsu-don,1
wagyu,1
coffee.,1
celebration,1
dry,1
luggage,1
lychee,1
stressed,1
45mins,1
boosters,1
offs,1
coke/sprite,1
eastwood,1
sachets,1
bubbles,1
esye,1
crizal,1
u.p$69),1
kohi,1
relay,1
robbins,1
yahoo,1
accessories,1
phone,1
warm,1
pecan,1
varsity,1
vpl,1
$41,1
me,1
equis,1
pride,1
ml,1
mi,1
"bundle,",1
crackers,1
root,1
16gb,1
decorative,1
glass)*,1
cantonese,1
appointment,1
organizer,1
maplers,1
absolute,1
elanic,1
wire-mesh,1
fondant,1
23++,1
practice-1,1
salsa,1
pigment,1
pint),1
third,1
cellulite,1
mid-autumn,1
wink,1
beer/cider,1
snowflakes,1
oysters,1
$19.90+,1
muffin,1
voucher*,1
$3.80,1
cream​,1
activating,1
exchange,1
barfood,1
vouchers!,1
personal,1
shopwise,1
fix,1
",",1
u.p.$80),1
açaí,1
savory,1
weeks,1
giraffe,1
rental,1
silver,1
childress,1
oxygel,1
oxygen,1
potatoes,1
$58,1
tin-toy,1
panini,1
angus,1
40min,1
adobo,1
doug,1
flock,1
teatime,1
forte,1
"day,",1
day*,1
nite,1
surprise,1
prog.,1
hooray!,1
"24""",1
bldg,1
medispa,1
u.p.$12),1
baggage,1
r6,1
rewards!,1
brew-of-the-day,1
點購「prime肋眼牛排麵」乙人份，享有5折優惠,1
$5.80,1
$7.80,1
class/handbag,1
user,1
ayomo,1
artistry,1
attractions,1
$29.95++,1
another,1
maximuscle,1
ganache!,1
"me""",1
"100g,",1
popaganda,1
moisture,1
luncheon,1
noodle,1
masala,1
superlife,1
brulee,1
katsudon,1
150ml,1
medley,1
25grams,1
small)*,1
gummies/marshmallow,1
tres,1
wars:,1
fashion,1
boston,1
$5.90,1
bejeweled-,1
lunchtime,1
jan/feb,1
membership!,1
genuine,1
eoasia.com,1
2-day,1
dollars,1
makimono,1
snow,1
kaya,1
guavapass,1
"乙人免費，任點麵類主餐四份,",1
$396,1
"""pick-up",1
circles,1
anti-slip,1
mini-me,1
southbound,1
zealand,1
dummy,1
professor,1
flow,1
kidston,1
kidzloft,1
place,1
latte!,1
15ml),1
asia.,1
shihlin,1
medium/large,1
vintage-,1
sat/sun,1
1.1.23,1
acne,1
購物券,1
cashews,1
bliss,1
sunglasses,1
tandcs),1
dd,1
stop,1
13,1
sides/,1
watermelon,1
solutions:,1
60min),1
zesty,1
17,1
"spaghetti,",1
18,1
‘100g,1
bleu,1
course/programs,1
$10.70,1
hokkai,1
shampoo,1
testing,1
best,1
powerslim,1
co2,1
figue,1
"face,",1
消費滿$500送梅釀蕃茄乙份,1
$69,1
half-chicken,1
$64,1
7.80,1
u.p.$48),1
mentaiko,1
aesthetic,1
lotion,1
wear,1
facial/eye,1
thesail,1
roller,1
bras,1
southgate,1
"drumlets,",1
"1,",1
games,1
cod,1
draw-,1
uno,1
cato,1
toni,1
royal,1
groupon,1
75min),1
$30*,1
fri,1
extraction,1
glaco,1
combo.,1
life,1
bolognese,1
sprite,1
café,1
"options,",1
pezzo,1
brightening,1
chili,1
$125,1
chill,1
east,1
電影禮券,1
auchentoshan,1
introductory,1
最大獎勵：免費prime肋眼牛排麵乙份,1
sanitizer,1
it,1
v-day,1
brake,1
muugu,1
svenson,1
bottles,1
bags,1
bottled,1
caffe,1
fairly,1
boiled,1
papaya,1
soak-off,1
$59.9,1
unicorn,1
tuna,1
bounce,1
dallas,1
80%,1
pick-me-up,1
acupoint,1
roma,1
just,1
prints,1
gusta!,1
lassi,1
bagel,1
spectacles,1
ham,1
character,1
alchemy,1
board,1
trimming,1
soda*,1
s$2,1
s$3,1
"seeds,",1
s$8,1
arab,1
3pc,1
advanced,1
shoulder,1
brazilian/boyzilian,1
inchloss,1
treatment+kit+bottle@$18,1
manual,1
50,1
betterfield,1
old,1
delete),1
people,1
slimming-,1
zoom,1
rcbc,1
shake!,1
“oops,1
$2.30),1
"shake,",1
orchid,1
purple,1
sarpino's,1
month.,1
sgd50,1
core,1
shaker,1
 saute,1
brawn,1
watermelonade,1
groupie!,1
"medium,",1
chuan,1
tekka,1
$79,1
sizzling,1
duke,1
yole,1
refiner,1
u.p$6.90),1
mocha,1
pink,1
rounds,1
art,1
one-time,1
gin,1
u.p.$594),1
milk/oolong,1
fork,1
fireworks,1
$206,1
remover,1
moisturizing,1
verde,1
lipo,1
$20%,1
soju,1
lorry,1
mth,1
panini-pasta-pizza,1
french-formulated,1
tumbler!,1
cappuccino/,1
s$10,1
refillable,1
pizza*,1
"cinderella,",1
$59.90,1
$110,1
tikka,1
pizza!,1
won!,1
$118,1
15!,1
skinsavers,1
jidanzai,1
hydro-oxy,1
policy,1
physical,1
marinated,1
baguette,1
glacier,1
"pax,",1
reality,1
de-stress,1
topper,1
eternity,1
brothers,1
juices,1
notepad,1
windscreen,1
250g,1
packets,1
teeth,1
chups,1
chain,1
75min,1
6-piece,1
3!,1
$8.95,1
aiskilin,1
"off,",1
"standard,",1
veg,1
macha,1
chulop,1
ala-carte),1
 bienen,1
bags!,1
string,1
stingray,1
millenia,1
minute,1
fortnightly,1
guy,1
dip,1
round,1
revolution,1
hot/cold),1
trails,1
cost,1
chopping,1
tanuki,1
headset,1
mealbox,1
deepcleanse,1
barbie,1
fillet,1
current,1
"drink,",1
$10.00,1
witch,1
porkloin,1
rebates,1
my,1
500ml,1
"43""",1
lavina,1
beer/,1
radish,1
paragon,1
siloso,1
fats,1
hokkaido!,1
session!,1
1st,1
bookmarks,1
city'super,1
sky,1
sake,1
30$,1
sleeping,1
iphone,1
australian,1
karage,1
cashier,1
teaser,1
luxola,1
malai,1
anything,1
cream/,1
julius,1
cap,1
decker,1
zhao,1
making,1
heart,1
pax@,1
cosmetics),1
7pm,1
"p550,",1
exclude,1
chia,1
"$18.90++,",1
$49.90,1
$14.90,1
s$48,1
orginal,1
chopchoptuesdays,1
mat,1
max,1
diva,1
mac,1
birthday,1
suntec,1
hotplate,1
floral,1
6-inch),1
renovation,1
lifting,1
insulated,1
beam,1
ss,1
drumsticks,1
st,1
q,1
switch,1
$210,1
$15.30,1
tall,1
pulled,1
$218,1
mariko's,1
x-tomic,1
single-origin,1
shoes,1
10-visit,1
saladicious,1
30mins),1
pasta/pizza/salad,1
group,1
shashlik,1
jim,1
troubles,1
attraction,1
milk/green,1
sendhelper,1
"marshmallow,",1
16cm,1
sgshop,1
ubereats,1
transferrable),1
year!,1
beach,1
streaky,1
tea/,1
el,1
aliexpress,1
year,1
canvas,1
threading,1
blt,1
chalk’,1
massaman,1
arthritis,1
cars,1
hokubee,1
shepherd's,1
salad!,1
quart,1
training,1
cupcakes-,1
headphones,1
suisse,1
promotion,1
boyzilian,1
fractional,1
1000,1
massage!,1
xi,1
budweiser,1
zac,1
proionic,1
ring,1
open,1
card!,1
tofu),1
non-alcoholic,1
teneleven,1
medzs,1
sausages*,1
vermicelli,1
ebi,1
$3000,1
boby,1
flowers,1
holder,1
$11,1
19,1
$6.80,1
1:,1
choux,1
weekday),1
sophie,1
fruity,1
shrimp,1
saj,1
angel,1
tarts,1
sac,1
reno,1
"p3,000",1
takeaway!,1
"takeaway,",1
50cents,1
fashionable,1
u.p$4.90),1
congratulations!,1
禮券,1
50ml),1
knee,1
signup,1
cubao,1
20++,1
pores,1
sunset,1
salt,1
40mins,1
philly's,1
hakata,1
shou,1
rosa,1
"$20++,",1
mister,1
24hr,1
2-piece,1
japadog!,1
"150g,",1
habour,1
savoury,1
certified!,1
naked,1
miles,1
friends.,1
xmas,1
11am-5pm.,1
stylist,1
job!,1
sport,1
10-in-a-box,1
10mins,1
relief',1
reading,1
kuehs,1
cocktail*,1
screen,1
jl,1
27,1
brownice-,1
colour.,1
berry,1
from cyber,1
"6""",1
6%,1
sampling,1
6:,1
hydrate,1
arts,1
50$,1
artz,1
mark,1
petit,1
featuring,1
tiger,1
telor*,1
6s,1
ruby,1
hearty,1
stacker,1
massmark,1
$1500,1
'metabolic,1
aluminium,1
alcoholic,1
dark/original,1
ribeye,1
$2.99,1
pay,1
$24,1
macarons,1
anmitsu,1
cubics,1
pai,1
browhaus,1
nest,1
climbing,1
claypot,1
booster,1
red/green,1
kaan,1
biolucent,1
"bag,",1
"kailas,",1
s.e.a.,1
baskin,1
219,1
d.i.y.,1
softserve,1
blow,1
nabe,1
rose,1
asos,1
10-pcs,1
$2.00),1
samples,1
2.5%*,1
pill,1
real,1
d’skin,1
icing/sugar,1
mon,1
grin,1
$26++,1
"p1,000,",1
nu,1
serve/,1
www.getaways.com.sg,1
nice,1
alisan,1
asiatravel.com,1
vegetal,1
$321/$481.50,1
jewellery,1
doll,1
m/l,1
2kids,1
pickled,1
pacific,1
lobster,1
liempo,1
mustard,1
breadtalk,1
labour),1
eye-make,1
peri's,1
buddha,1
noos,1
pc.,1
nuggets,1
wevinyls,1
itherapy,1
"四人同行,",1
entrée,1
$700,1
royale,1
"facial,",1
'the,1
central,1
hampers,1
aircon,1
免費荔芋⻄米露乙杯,1
free*,1
oz,1
$u.p.,1
cakes*,1
bacardi/bollinger),1
express-50%,1
6pcs,1
image,1
strip,1
weeknight,1
area,1
cath,1
$90.00,1
start,1
relaunch,1
$9.60,1
bubble,1
$800,1
75%,1
cottage,1
singjazz,1
furappe,1
$8.50,1
ragu,1
u.p.$168),1
grass,1
16oz,1
japanese/international,1
cbd,1
cinema,1
60%,1
tasty,1
99%*,1
bingsu,1
lifetime,1
seminar,1
storage,1
"prize"":",1
annex,1
lario,1
herbs,1
a5,1
napier,1
nkotb,1
lipstick,1
cpk,1
2/4/6,1
d24,1
"$10.90++,",1
kaiserschmarrn,1
chinese,1
pyop,1
shrooms,1
greenhills,1
15,1
tv,1
rf,1
thursday,1
program,1
dressing,1
btls,1
puffs,1
song,1
far,1
horror,1
u.p.$78),1
recovery',1
skinceuticals,1
skincare),1
40-min,1
epicurio,1
study,1
day!,1
$6-off,1
andersens,1
griddle-cooked,1
teh,1
v-face,1
instagram,1
ten,1
nbs,1
selected*,1
ritter,1
valero,1
tex,1
zero,1
60min,1
design,1
essensuals,1
'winning,1
nano,1
version,1
cinemas,1
plush,1
handy,1
hash,1
toblerone,1
essentials,1
medi-aesthetics,1
hcook,1
fwd,1
koffee,1
其中乙份免費招待,1
pick,1
cosmetic,1
vip,1
select,1
khao,1
intense,1
mon-fri),1
jive,1
$2.80),1
jr.,1
caveat:,1
flam,1
town,1
tea!,1
malt,1
launch,1
abroad!,1
"$1,500",1
thelorry,1
scan,1
drink/juice,1
"""mini",1
sg50,1
gallon,1
dress,1
durian,1
!,1
sr,1
rebalance,1
upto,1
plans,1
petite,1
variant,1
fungus,1
chocolat,1
haramiya,1
burrito/,1
purchase*,1
guasha,1
lhe,1
short,1
menu*,1
"menu,",1
asparagus,1
more!,1
swensen's,1
mousse,1
ramadhan,1
cha-siew,1
course!,1
23,1
course*,1
late,1
gelatissimo,1
boneless,1
"2,",1
2.,1
billy's,1
redeem-win-shop,1
fries*,1
pizzaexpress,1
$32++,1
mystery,1
u.p.$5.70),1
holiday,1
ebiko,1
6'',1
2x,1
habits,1
"p750,",1
jacquard,1
seechic,1
eyelash,1
u.p.$1.80),1
$6.90),1
lemongrass,1
alcohol,1
in-house),1
$3.5,1
4pm,1
superlifeco,1
jolly,1
beats:,1
test-1,1
humble,1
bistro,1
grabcar,1
teppanyaki,1
porcelain,1
palabok,1
700cc,1
u.p.$35,1
$380,1
katsu/,1
ion,1
healthwise,1
loaf,1
tahu,1
calamansi,1
year's,1
tan's,1
hk$50,1
chips+drinks,1
w,1
ding,1
misa,1
feet,1
passes,1
story,1
u.p.$24),1
guest,1
gourmet,1
least,1
syrup,1
temptations,1
cup*,1
selling,1
rawbar-,1
cake/vegan,1
delivery/courier,1
basah,1
grocery,1
vitalizer,1
getaway,1
stamford,1
shirts,1
cleaner,1
marutoko,1
coleslaw,1
"service,",1
coolant,1
5x,1
champignon,1
tandoori,1
orders,1
35++,1
freshener,1
cava,1
$4.30,1
100mins,1
"p350,",1
medium-sized,1
seasons,1
eskimo,1
$17.90,1
audio,1
kg,1
grams,1
medela,1
km,1
lounge,1
sf,1
u.p.$88),1
formasian,1
choco,1
awakens,1
ikou,1
shepherd,1
famous,1
batter,1
carbonara,1
merchandise,1
molten,1
chupa,1
coffee/soft,1
caramel,1
paella,1
www.skiddoo.com.sg,1
flowers-,1
restaurants,1
coolburn,1
thermaskin,1
$13.80,1
signups,1
defense,1
are,1
sea,1
免費兌換nt$90手工小菜乙份,1
tummy,1
3-course,1
woo,1
champagne,1
available,1
carbonated,1
pepsi,1
5ml,1
u.p.$68),1
iki,1
half-hour,1
last,1
$5.01,1
u.p.$65),1
above.,1
eggplant,1
lash,1
protector,1
supply,1
simple,1
$2.5,1
bitburger,1
pack!,1
rakuzen,1
ogawa,1
v-shape,1
unisex),1
macau,1
monthly,1
due,1
sandwich/salad,1
pc,1
$5-off,1
"p1500,",1
"upgrade,",1
qqrice,1
zenroom,1
$280,1
xiong,1
u.p.$34),1
tiered,1
bikini,1
xian,1
$10-off,1
triple,1
rib,1
$12-off,1
salons,1
shaw,1
60mins,1
sorry...no,1
eyewear,1
coffee/tea/fresh,1
strips,1
cappucino,1
8.80,1
demo),1
$6.5,1
nights,1
staycation,1
yoguru,1
sauce);,1
loysel's,1
mini),1
cheek,1
items.,1
4/6/12,1
de,1
$38)!,1
$89.90,1
u.p.$150),1
garoupa,1
spirit/beer/wine,1
steamboat,1
aroma,1
qoolco,1
delivery!,1
hotpot,1
tablet,1
tmall,1
cineplex,1
foot/hand/shoulder,1
mex-,1
by-invite,1
電子禮券,1
cordon,1
prize-,1
u.p$3.50),1
sccops,1
semolina,1
appetiser,1
s$125,1
excluding,1
semi,1
wingstop,1
2pcs.,1
instore,1
popular,1
$4.50),1
family-size,1
spring,1
double-scoop,1
"$252,",1
*pork/chicken,1
extractor,1
luxe,1
little-san,1
u.p.$128),1
tandcs,1
be,1
lipolysis,1
patient,1
bb,1
"yoga""",1
$85,1
sundae*,1
2/3,1
plumping,1
shine,1
$1.70,1
certificate,1
bakar,1
wrinkles,1
bestseller,1
range,1
pro),1
experiences,1
legoland,1
greenfield,1
into,1
frames,1
pentagon,1
mobilisation,1
hydrasilk,1
11:11,1
$11.90,1
consultation,1
original),1
promotions,1
hawaiian,1
skewers,1
lins,1
specialty,1
atlantic,1
$35++,1
line,1
"gelato,",1
"spa,",1
barberblade,1
mobile,1
1pc.,1
ua,1
yakitori,1
"meal,",1
asiasoft,1
pencil,1
iexilis,1
anchorpoint-,1
n.a.,1
curd,1
$299,1
tpi,1
visit*,1
$295,1
curl,1
90mins,1
acl,1
berg',1
fixing,1
£15,1
toro's,1
points,1
swirl,1
ensalada,1
kori,1
favourite,1
latte/,1
visits,1
iberian,1
lens,1
quinoa,1
dos,1
mother’s,1
sides,1
housepour,1
jalapeno,1
nano-tech,1
blend,1
waxing,1
ollella,1
tentative),1
minipro,1
"""grand",1
ge,1
gc,1
kalua,1
go,1
barbecue,1
jeunesse,1
coffee/tea/soft,1
aquarium,1
shiraz,1
culinary,1
excluded,1
whisky,1
g7,1
homecook,1
dessert*,1
"dessert,",1
decorating,1
minerals,1
magic,1
september!,1
tokyo,1
taobao,1
rack,1
assemblage,1
lazee,1
acid,1
g.spa,1
fine,1
tartie,1
sangria,1
product*,1
access,1
mgmt.:,1
users) ,1
led,1
u.p.$4.5),1
dolly,1
sexy,1
extreme,1
spiced,1
weekday,1
peterpan,1
max.$8),1
coffee/soda,1
blizzard,1
yogurt.,1
$12-16,1
duck,1
pops!,1
fee,1
mini-portion,1
chocolates,1
eleven,1
glorietta,1
homepack,1
charcoal,1
novena,1
add-on!,1
baby,1
harvest,1
subscription,1
customer,1
tori-karaage,1
latte/cappuccino,1
us.,1
dorra,1
tag,1
fetch,1
experiential,1
quesadillas,1
$356,1
$350,1
$13.40,1
dinners,1
hongkong,1
gcs,1
hydrolised,1
biryani,1
animal,1
free.,1
tension,1
entree,1
peeling,1
daniel’s,1
abuse,1
leches,1
fatmelt,1
prawns,1
martini,1
$190,1
breast,1
thigh,1
jamie's,1
physiolife:,1
mojito,1
including,1
poutine,1
austrian,1
superfoods,1
lunchbox,1
worth$288),1
bill.,1
bincho-,1
winning,1
degrees,1
choose,1
pop-up,1
foodfare,1
designs,1
tears,1
junction,1
$22.50,1
rotation,1
panang,1
freshness,1
salads',1
flat-rate,1
lift,1
management-5,1
"p2,500,",1
"8""",1
designer,1
sands,1
boutique,1
studios,1
ssam,1
$108,1
whitening,1
hut,1
frank,1
activity,1
$19.95,1
greenhorn,1
penyet,1
grabtaxi,1
nanostad,1
mirchi,1
cantina,1
date,1
'proionic,1
scent,1
destinations,1
megamall,1
priority,1
intermediate,1
w.,1
final,1
umbrella!,1
cyc,1
giveaway:,1
pediapro,1
claim,1
drink/single,1
2pm-5pm,1
neapolitan,1
referral,1
bev,1
redeem-win-dance,1
reg.,1
"you,",1
dishes,1
mid,1
parks,1
u.p.$99),1
mix-in,1
decorating/cake,1
$199,1
eight,1
destinations*,1
andersen's,1
firmness,1
ajillo,1
half-liter,1
waffle/,1
covelli,1
nature’s,1
u.p.$19),1
waffle!,1
kheer,1
non-veg)!,1
"one,",1
$8.90,1
tarik,1
5pm,1
inc.'s,1
"12""",1
benediktiner,1
bear,1
qjump,1
tbc,1
"mid-joints,",1
hla,1
g-spa,1
denmark,1
toys-,1
"taobao,",1
co.,1
regenerix,1
solo,1
taiwanese,1
module,1
5-sessions,1
powder,1
$45.90.,1
prosecco,1
toastie,1
icecream,1
okiedog,1
tyre,1
drive.sg,1
zinger,1
buckets,1
deliver,1
key,1
flexicard,1
dish*,1
discount*,1
tlc,1
mandelic,1
ci,1
"$1,249",1
removal,1
invisible,1
nigiri,1
sugarpaste/royal,1
con,1
yam,1
cocotto,1
"cold-process,",1
ls,1
shoulders,1
$212,1
collar.,1
orange,1
c3,1
ez-charms,1
"$160,",1
eyelashes,1
免費兌換nt$90⼿工小菜乙份,1
made-to-measure,1
choices,1
au,1
foodpanda,1
squid,1
hydra,1
ave,1
education,1
"$2,000",1
set!,1
combo's,1
temptation,1
radiation,1
set*,1
tumbler,1
android,1
my”,1
trim),1
$169),1
half-size,1
v2,1
moyen,1
$10.20,1
"p800,",1
sets,1
usual,1
cashew,1
less,1
tcs,1
facebook,1
skincare,1
tcm,1
virtual,1
lauren,1
test.,1
$58.90,1
oat,1
cosmetics,1
標準裝咖啡,1
usage,1
smart,1
who's,1
3-in-1,1
skinperfect’s,1
ez-charm,1
desk,1
press,1
loss,1
$4.50-$4.90,1
zenrooms,1
risotto,1
@$21,1
ginataang,1
dippings,1
chawanmushi,1
lager,1
drop,1
$15*,1
twitter,1
+soft-drink,1
choosing,1
recommendation,1
stores!,1
monday,1
14th,1
floss,1
earrings,1
sandwich/main,1
u.p$5.90),1
cup/day,1
smozy,1
消費滿$375送清薑三寶乙份,1
after,1
125ml,1
socket,1
dunkel,1
toms,1
shipping,1
delicacies,1
getaways.com.sg),1
puppies,1
long-black,1
pastries,1
tenderloin,1
registration,1
"$290,",1
pistonhead,1
granita,1
*,1
p5000,1
oakleys,1
epikebabs,1
capsule,1
hr,1
piccolo/medio/grande,1
sarnies,1
hk,1
p2000,1
eat,1
hd,1
u.p.$78)**,1
brownfat,1
limoncellos,1
zestora,1
stylist/,1
voucher(valid,1
universal,1
800g,1
pig,1
quart),1
replica,1
sambal,1
soft-shell,1
ina,1
47,1
40,1
other,1
add'l,1
voucher!,1
fatburn,1
4!,1
2+2,1
800+,1
june,1
❨u.p.,1
ube,1
/green,1
$9.30,1
u.p.$163.80),1
coffee/,1
coffee!,1
portion,1
craft,1
4k,1
